_id,tweet_id,coin,created_at,hashtag,likes,replies,retweets,scraped_at,text,url,username,verified,analyzed_at,label,model,scores
68e5336a41b771828c8cb57a,1975585391248920808#m,Bitcoin,"Oct 7, 2025 Â· 3:33 PM UTC",BTC,0,0,0,2025-10-07T20:36:09.653484,"ğŸ‡ºğŸ‡¸ğŸ‘€ Crypto #ETF Flows Today:

#BTC-ETFs:
NetFlow: +9,576 BTC ($1.19B) ğŸŸ¢
BlackRock inflows 7,579 BTC ($943.11M) and currently holds 791,347 $BTC ($98.48B);
#ETH-ETFs:
NetFlow: +34,138 ETH ($161.13M) ğŸŸ¢
BlackRock inflows 18,959 ETH ($89.49M) and currently holds 3,952,823 $ETH.",https://twitter.com/The_CryptoBro/status/1975585391248920808#m,The_CryptoBro,False,2025-10-14T18:07:12.776324,Positive,ProsusAI/finbert,"{'negative': 0.03487936779856682, 'neutral': 0.03759615123271942, 'positive': 0.9275244474411011}"
68e5336b41b771828c8cb57b,1974795020093014082#m,Bitcoin,"Oct 5, 2025 Â· 11:13 AM UTC",BTC,0,0,0,2025-10-07T20:36:09.719484,"#BTC 

New All Time Highs for Bitcoin into a picture-perfect rejection from this crucial trendline resistance (red)

This is the trendline that Bitcoin needs to break convincingly to enter trend acceleration and prolonged Price Discovery

$BTC #Crypto #Bitcoin",https://twitter.com/rektcapital/status/1974795020093014082#m,rektcapital,False,2025-10-14T18:07:12.776324,Positive,ProsusAI/finbert,"{'negative': 0.27262672781944275, 'neutral': 0.018513476476073265, 'positive': 0.7088597416877747}"
68e5336b41b771828c8cb57c,1975585380494696461#m,Bitcoin,"Oct 7, 2025 Â· 3:33 PM UTC",BTC,0,0,0,2025-10-07T20:36:09.789482,ğŸ¦ Ø±Ø¬Ù‘Ø­ Deutsche Bank Ø£Ù† ÙŠØªØ­ÙˆÙ‘Ù„ Ø¨ÙŠØªÙƒÙˆÙŠÙ† Ø¥Ù„Ù‰ Ø£ØµÙ„ Ø§Ø­ØªÙŠØ§Ø·ÙŠ Ù„Ø¯Ù‰ Ø§Ù„Ø¨Ù†ÙˆÙƒ Ø§Ù„Ù…Ø±ÙƒØ²ÙŠØ© Ø¨Ø­Ù„ÙˆÙ„ 2030ØŒ Ù…Ø¯ÙÙˆØ¹Ù‹Ø§ Ø¨ØªØ±Ø§Ø¬Ø¹ Ø§Ù„ØªÙ‚Ù„Ø¨ ÙˆØ§Ø±ØªÙØ§Ø¹ Ø§Ù„Ø³ÙŠÙˆÙ„Ø©. Ø±ØºÙ… ØºÙŠØ§Ø¨Ù‡ Ø¹Ù† Ø§Ù„Ø¯Ø¹Ù… Ø§Ù„Ù…Ø§Ø¯ÙŠ ÙƒØ§Ù„Ø°Ù‡Ø¨ØŒ Ø¥Ù„Ø§ Ø£Ù† Ø®ØµØ§Ø¦ØµÙ‡ Ø§Ù„Ø±Ù‚Ù…ÙŠØ© ØªÙ…Ù†Ø­Ù‡ Ù…ÙƒØ§Ù†Ø© Ù…ØªØµØ§Ø¹Ø¯Ø© ÙƒØ£ØµÙ„ Ø¢Ù…Ù† Ø¹Ø§Ù„Ù…ÙŠ. #Bitcoin #BTC #Crypto #DeutscheBank #Ø°Ù‡Ø¨_Ø±Ù‚Ù…ÙŠ,https://twitter.com/bandr283/status/1975585380494696461#m,bandr283,False,2025-10-14T18:07:12.776324,Positive,ProsusAI/finbert,"{'negative': 0.08229818195104599, 'neutral': 0.033389825373888016, 'positive': 0.8843119740486145}"
68e5336b41b771828c8cb57d,1975585373423058973#m,Bitcoin,"Oct 7, 2025 Â· 3:33 PM UTC",BTC,0,0,0,2025-10-07T20:36:09.857737,"Une seule rÃ©ponse... En fait deux:
#Bitcoin (#BTC)
#Monero (#XMR)",https://twitter.com/CDeglingo/status/1975585373423058973#m,CDeglingo,False,2025-10-14T18:07:12.776324,Positive,ProsusAI/finbert,"{'negative': 0.05385361239314079, 'neutral': 0.01786195859313011, 'positive': 0.9282844662666321}"
68e5336c41b771828c8cb57e,1975531731923976580#m,Bitcoin,"Oct 7, 2025 Â· 12:00 PM UTC",BTC,0,0,0,2025-10-07T20:36:09.922820,"#BTC 

Bitcoin continues to hold ~$123.4 (red) as support to ensure sustained bullish momentum in the short-term

$BTC #Crypto #Bitcoin",https://twitter.com/rektcapital/status/1975531731923976580#m,rektcapital,False,2025-10-14T18:07:12.776324,Negative,ProsusAI/finbert,"{'negative': 0.8942489624023438, 'neutral': 0.01590021513402462, 'positive': 0.0898507833480835}"
68e5336d41b771828c8cb57f,1974976942123483168#m,Bitcoin,"Oct 5, 2025 Â· 11:16 PM UTC",BTC,0,0,0,2025-10-07T20:36:09.983819,"Kaspa isnâ€™t just better than Bitcoinâ€”itâ€™s ten thousand times sharper. Evolution always winsâ€¦ and soon, the world will see #kas leave #btc  in the rearview.Hereâ€™s a Time has a way of proving the truthâ€¦ and sooner rather than later, youâ€™ll see
#mindset #crypto #invest",https://twitter.com/Voicezuneoffic1/status/1974976942123483168#m,Voicezuneoffic1,False,2025-10-14T18:07:12.776324,Positive,ProsusAI/finbert,"{'negative': 0.06220385432243347, 'neutral': 0.026819121092557907, 'positive': 0.9109770059585571}"
68e5336e41b771828c8cb580,1975579250309931199#m,Bitcoin,"Oct 7, 2025 Â· 3:09 PM UTC",BTC,0,0,0,2025-10-07T21:00:17.054510,"#Bitcoin Zooming In ğŸ”

#BTC currently retesting the Kijun ğŸ”µ + FVG on the 4H chart.

A key level to hold if the short-term bullish momentum is to continue.",https://twitter.com/Washigorira/status/1975579250309931199#m,Washigorira,False,2025-10-14T18:07:12.777222,Positive,ProsusAI/finbert,"{'negative': 0.3844999372959137, 'neutral': 0.03468501940369606, 'positive': 0.5808150768280029}"
68e5336e41b771828c8cb581,1975236972831760601#m,Ethereum,"Oct 6, 2025 Â· 4:29 PM UTC",ETH,0,0,0,2025-10-07T20:36:42.395374,"$XDC is more than a token  itâ€™s a seed.

Plant it, nurture it, let time do the rest.
Strong roots build strong futures. ğŸŒ³
The best time to start is always today

#XDC #CryptoGrowth @XDCNetwork #GMMTVFANIVAL #LCDFLMX3 #patlama #à¹€à¸¡à¸à¸£à¸µà¸¡à¸²à¸¢à¸² #BTC #ETH #hirunkit_",https://twitter.com/DiegoLopes4527/status/1975236972831760601#m,DiegoLopes4527,False,2025-10-14T18:07:12.777222,Positive,ProsusAI/finbert,"{'negative': 0.08639681339263916, 'neutral': 0.01797647215425968, 'positive': 0.8956267237663269}"
68e5336f41b771828c8cb582,1975585297774547160#m,Bitcoin,"Oct 7, 2025 Â· 3:33 PM UTC",BTC,0,0,0,2025-10-07T20:36:10.169263,"#BTC ve  #Tether  ile ilgili sabah uyarÄ±larÄ±mÄ± yaptÄ±m. Trende dayanmÄ±ÅŸ ve gÃ¼n kapanÄ±ÅŸlarÄ± trend Ã¼stÃ¼nde yapÄ±lmamÄ±ÅŸ olmasÄ±, gÃ¼Ã§lÃ¼ geri Ã§ekilmelere neden olabiliyor. Dikkatli olmanÄ±zda fayda var. BTC 119 kaybedilmemesi gerekiyor. Eth 4600 altÄ± sÄ±kÄ±ntÄ±. #analiz #kriptopara",https://twitter.com/crythora/status/1975585297774547160#m,crythora,False,2025-10-14T18:07:12.776324,Positive,ProsusAI/finbert,"{'negative': 0.05522102117538452, 'neutral': 0.023763950914144516, 'positive': 0.9210150837898254}"
68e5336f41b771828c8cb583,1975585265914638690#m,Bitcoin,"Oct 7, 2025 Â· 3:33 PM UTC",BTC,0,0,0,2025-10-07T20:36:10.235044,#BTC Î”ÎµÎ½ Î¼Î¿Ï… Î±ÏÎ­ÏƒÎµÎ¹ Î±Ï…Ï„ÏŒ ğŸ‘€ğŸ‘€,https://twitter.com/dimisgrop/status/1975585265914638690#m,dimisgrop,False,2025-10-14T18:07:12.776324,Positive,ProsusAI/finbert,"{'negative': 0.07917755842208862, 'neutral': 0.015812814235687256, 'positive': 0.9050095677375793}"
68e5338b41b771828c8cb590,1975568474077536728#m,Ethereum,"Oct 7, 2025 Â· 2:26 PM UTC",ETH,0,0,0,2025-10-07T20:36:41.748287,"The #Do shall rise ! #Luncverse is coming and it will be glorious. Come build our home together! 

@LUNCMetaverse 

#LUNC #Lunccommunity #Sol #Bnb #Eth #Bitcoin #Crypto #Meme #Bullish #Cookie #Do #Frg #Grdx #Lix",https://twitter.com/LUNC_Cookies/status/1975568474077536728#m,LUNC_Cookies,False,2025-10-14T18:07:12.776324,Positive,ProsusAI/finbert,"{'negative': 0.11509095132350922, 'neutral': 0.020370764657855034, 'positive': 0.8645382523536682}"
68e5338b41b771828c8cb591,1975544176436801619#m,Ethereum,"Oct 7, 2025 Â· 12:50 PM UTC",ETH,0,0,0,2025-10-07T21:00:56.996138,"ğŸ CRY ALPHA Giveaway ğŸ

ğŸ“Œ Project - Coinlander

ğŸ† $50 to 1 Winner

1ï¸âƒ£ Follow @coinlandercom 
2ï¸âƒ£ RT + â¤ï¸ + Tags

24h â°
#NFTGiveaway #SOL #ETH #NFT #Giveaway #SOLGIVEAWAY #AD",https://twitter.com/Cry_List/status/1975544176436801619#m,Cry_List,False,2025-10-14T18:07:12.778218,Positive,ProsusAI/finbert,"{'negative': 0.11179635673761368, 'neutral': 0.013459543697535992, 'positive': 0.8747441172599792}"
68e5338b41b771828c8cb593,1975561389264478609#m,Ethereum,"Oct 7, 2025 Â· 1:58 PM UTC",ETH,0,0,0,2025-10-07T20:36:41.901312,"ğŸ”·ï¸ BitMine announced that it purchased 179,251 #ETH last week.

This acquisition highlights the renewed interest from institutional investors and growing confidence in Ethereum. ğŸ“ˆ If this trend continues, $ETH could see positive momentum in the medium term.

âš ï¸ Not financial advice.

#crypto #Ethereum #ETH #DeFi #blockchain",https://twitter.com/Crypto_TheBoss/status/1975561389264478609#m,Crypto_TheBoss,False,2025-10-14T18:07:12.776324,Positive,ProsusAI/finbert,"{'negative': 0.3084772229194641, 'neutral': 0.011709528043866158, 'positive': 0.6798132658004761}"
68e5338b41b771828c8cb595,1975442405471199725#m,Ethereum,"Oct 7, 2025 Â· 6:05 AM UTC",ETH,0,0,0,2025-10-07T20:36:41.974893,"Maximize your TAO holdings with impressive staking yields

â€¢  Daily returns up to 0.50 TAO
â€¢  Monthly earnings reach 14.2 TAO
â€¢  Yearly potential of 171 TAO

Start earning now : stake.opentensor.app

#AICrypto #ETH #TAO #AI #Web3 #BittensorMeeting2025",https://twitter.com/bittensor_/status/1975442405471199725#m,bittensor_,False,2025-10-14T18:07:12.776324,Positive,ProsusAI/finbert,"{'negative': 0.3246791958808899, 'neutral': 0.010294572450220585, 'positive': 0.6650261878967285}"
68e5338c41b771828c8cb596,1975563798548553869#m,Ethereum,"Oct 7, 2025 Â· 2:08 PM UTC",ETH,0,0,0,2025-10-07T20:36:42.072767,"We add short position in #ETH

#BONK & #TIA in BE

I keep a short position in #BTC

Follow the #Trading challenge live together with @PrimeXBT 

ğŸ¤ u.primexbt.com/0xP0P0",https://twitter.com/cryptopopook/status/1975563798548553869#m,cryptopopook,False,2025-10-14T18:07:12.777222,Positive,ProsusAI/finbert,"{'negative': 0.03705437853932381, 'neutral': 0.026908325031399727, 'positive': 0.9360373020172119}"
68e5338c41b771828c8cb598,1975578435931000855#m,Ethereum,"Oct 7, 2025 Â· 3:06 PM UTC",ETH,0,0,0,2025-10-07T20:36:42.141767,"Baby Vitalik is almost here!
Mark your clocks â° Launch Time: 16:00 UTC

The new wave is loadingâ€¦
Not just another meme - this one carries the spirit of innovation âš¡
CA: ETHJaLDCuKuLuVWkrsZov4LaLfq7b9HRJVeCq49RaeWE

Get ready to make history with $VITALIK ğŸŒğŸš€
#BabyVitalik #ETH #Crypto #MemeSeason",https://twitter.com/baby_vitalik/status/1975578435931000855#m,baby_vitalik,False,2025-10-14T18:07:12.777222,Positive,ProsusAI/finbert,"{'negative': 0.15703678131103516, 'neutral': 0.012390797026455402, 'positive': 0.8305724263191223}"
68e5338c41b771828c8cb599,1975585711056101641#m,Ethereum,"Oct 7, 2025 Â· 3:35 PM UTC",ETH,0,0,0,2025-10-07T20:36:42.209768,"The evolution of Layer 2 is unfolding through @LayerBrett. $LBRETT brings unmatched performance, low fees, and community-powered rewards  building an ecosystem where innovation meets purpose, and progress meets people.
DYOR:@LayerBrett #ETH #LayerBrett",https://twitter.com/crypto_deg75441/status/1975585711056101641#m,crypto_deg75441,False,2025-10-14T18:07:12.777222,Positive,ProsusAI/finbert,"{'negative': 0.2134239822626114, 'neutral': 0.008303053677082062, 'positive': 0.7782729268074036}"
68e5338d41b771828c8cb59b,1975585643981119779#m,Ethereum,"Oct 7, 2025 Â· 3:34 PM UTC",ETH,0,0,0,2025-10-07T20:36:42.273767,"æœ€è¿‘å¸å®‰é“¾ä¸Šå†’å‡ºäº†ä¸å°‘â€œé‡‘ç‹—ğŸ¶â€ï¼Œç¡®å®é€ å¯Œäº†ä¸€æ‰¹äººï¼Œä¹Ÿå¸¦åŠ¨ #BNB  ä¸æ–­åˆ›æ–°é«˜ã€‚
ä½†æˆ‘ä¾ç„¶åšæŒè‡ªå·±çš„åˆ¤æ–­â€”â€”å¤§ä»“ä½æŒæœ‰ #BTC å’Œ #ETH å°ä»“ä½ #DOGEï¼Œå¤–åŠ å°‘é‡ä¸»æµå±±å¯¨ã€‚
çœ‹åˆ°è¿™äº›æš´å¯Œæ•…äº‹æ—¶ï¼Œåˆ«å†²åŠ¨ï¼Œåˆ«ç›²ç›®æ¢ä»“ã€‚è¡Œæƒ…å·²æ¥ï¼Œæ¿å—è½®åŠ¨é©¬ä¸Šå°±è½®åˆ°ä½ äº†ã€‚å†·é™çš„äººï¼Œæ‰èƒ½èµ°å¾—æ›´è¿œã€‚",https://twitter.com/BlockMaple/status/1975585643981119779#m,BlockMaple,False,2025-10-14T18:07:12.777222,Positive,ProsusAI/finbert,"{'negative': 0.12164882570505142, 'neutral': 0.037437617778778076, 'positive': 0.8409135341644287}"
68e5338d41b771828c8cb59c,1975455697954390091#m,Ethereum,"Oct 7, 2025 Â· 6:58 AM UTC",ETH,0,0,0,2025-10-07T20:36:42.334639,"Wrapped TAO (wTAO) Airdrop is LIVE 

$1,498,378 in wTAO tokens for our community. 

2 years of bridging Bittensor's neural network to Ethereum - proven, tested, secure. 

Claim your wTAO: opentensor.app

Join the established decentralized AI ecosystem

#TAO #ETH #AICrypto $TAO $wTAO",https://twitter.com/bittensor_/status/1975455697954390091#m,bittensor_,False,2025-10-14T18:07:12.777222,Positive,ProsusAI/finbert,"{'negative': 0.148934006690979, 'neutral': 0.009636816568672657, 'positive': 0.8414291739463806}"
68e5338e41b771828c8cb59e,1975585295333482957#m,Ethereum,"Oct 7, 2025 Â· 3:33 PM UTC",ETH,0,0,0,2025-10-07T20:36:42.455887,"At the moment #Bitcoin and #ETH are down %2, While $BNB is up %4ğŸ” 

Will #BNB become the next Stable coin?",https://twitter.com/Yadnus_0/status/1975585295333482957#m,Yadnus_0,False,2025-10-14T18:07:12.777222,Neutral,ProsusAI/finbert,"{'negative': 0.04598068818449974, 'neutral': 0.6853726506233215, 'positive': 0.2686467170715332}"
68e5338f41b771828c8cb59f,1975511474018607248#m,Ethereum,"Oct 7, 2025 Â· 10:40 AM UTC",ETH,0,0,0,2025-10-07T21:00:56.624414,"#ETH IS ON TRACK.

SOON $5,555 ğŸš€",https://twitter.com/cryptojack/status/1975511474018607248#m,cryptojack,False,2025-10-14T18:07:12.777222,Positive,ProsusAI/finbert,"{'negative': 0.1786811649799347, 'neutral': 0.0162159763276577, 'positive': 0.8051028251647949}"
68e533aa41b771828c8cb5af,1975569410401444226#m,Solana,"Oct 7, 2025 Â· 2:30 PM UTC",SOLANA,0,0,0,2025-10-08T10:56:43.456974,"ğŸš€ New #SolanaAirdrop Alert! ğŸ‰

50 winners each get $20 in SOL! ğŸ’°

âœ… follow @jeff_dot_sol
âœ… Like & RT
âœ… Drop SOL wallet
âœ… Tag 2 frens
âœ… Software verifies all steps followed to be eligible

50 active winners will be chosen tonight @ 8pm EDT! â°
#Solana #airdrop #giveaway",https://twitter.com/jeff_dot_sol/status/1975569410401444226#m,jeff_dot_sol,False,2025-10-14T18:07:12.779214,Positive,ProsusAI/finbert,"{'negative': 0.060238201171159744, 'neutral': 0.01579597219824791, 'positive': 0.9239658117294312}"
68e533aa41b771828c8cb5b0,1975552100659851693#m,Solana,"Oct 7, 2025 Â· 1:21 PM UTC",SOLANA,0,0,0,2025-10-07T20:37:13.300005,"Swapped to $USX on @solsticefi to start the day  composable, yield-bearing, lightningâ€‘fast. TVL exploding what are you building today? #Solana #SolsticeFi @xeetdotai",https://twitter.com/Ibkhalieel/status/1975552100659851693#m,Ibkhalieel,False,2025-10-14T18:07:12.777222,Positive,ProsusAI/finbert,"{'negative': 0.09820544719696045, 'neutral': 0.017198827117681503, 'positive': 0.8845957517623901}"
68e533ab41b771828c8cb5b1,1975550616627019923#m,Solana,"Oct 7, 2025 Â· 1:15 PM UTC",SOLANA,0,0,0,2025-10-07T20:37:13.361004,"ğŸš¨  JUST IN:    $.5 BILLION $USDC MINTED ON SOLANA.

$SOL ECOSYSTEM PUMP COMING SOON!

#SOLANA âš¡ï¸",https://twitter.com/CryptoCurb/status/1975550616627019923#m,CryptoCurb,False,2025-10-14T18:07:12.777222,Positive,ProsusAI/finbert,"{'negative': 0.16386674344539642, 'neutral': 0.012042657472193241, 'positive': 0.8240906000137329}"
68e533ab41b771828c8cb5b2,1975501417537544197#m,Solana,"Oct 7, 2025 Â· 10:00 AM UTC",SOLANA,0,0,0,2025-10-07T20:37:13.421487,"Time for a #giveaway - 0.3 SOL (5hours) as always.     

To enter:
1ï¸âƒ£ Follow me
2âƒ£Like
3ï¸âƒ£ RT this post

Good luck, warriors. ğŸ€ğŸš€

#Giveaway #Memecoin #Solana #Crypto",https://twitter.com/fudbender/status/1975501417537544197#m,fudbender,False,2025-10-14T18:07:12.777222,Positive,ProsusAI/finbert,"{'negative': 0.07994166016578674, 'neutral': 0.020512398332357407, 'positive': 0.8995459675788879}"
68e533ab41b771828c8cb5b3,1975582451520184656#m,Solana,"Oct 7, 2025 Â· 3:22 PM UTC",SOLANA,0,0,0,2025-10-07T21:01:30.888536,"Drew these Sonunu working together to push @SonicSVM forward

Lore Drop: Every Sonunu represents a bundled transaction

The paddlers are the HyperGrid rollups, working in sync to keep fees low and speed high

The one standing up is the validator... 
#Sonunu #Solana",https://twitter.com/RichardXweb3/status/1975582451520184656#m,RichardXweb3,False,2025-10-14T18:07:12.778218,Positive,ProsusAI/finbert,"{'negative': 0.03930002078413963, 'neutral': 0.023134635761380196, 'positive': 0.9375653266906738}"
68e533ab41b771828c8cb5b4,1975586028996923557#m,Solana,"Oct 7, 2025 Â· 3:36 PM UTC",SOLANA,0,0,0,2025-10-07T20:37:13.547330,#Solana,https://twitter.com/_jackmuh/status/1975586028996923557#m,_jackmuh,False,2025-10-14T18:07:12.777222,Positive,ProsusAI/finbert,"{'negative': 0.09585744887590408, 'neutral': 0.04435652866959572, 'positive': 0.8597860336303711}"
68e533ac41b771828c8cb5b6,1975555636420288661#m,Solana,"Oct 7, 2025 Â· 1:35 PM UTC",SOLANA,0,0,0,2025-10-07T20:37:13.617330,"Game changer: USX is collateralized, transparent, and yield-focused. $166M+ TVL post-launch institutional yields for retail are here. #DeFiYields #Solana @solsticefi @xeetdotai",https://twitter.com/Ibkhalieel/status/1975555636420288661#m,Ibkhalieel,False,2025-10-14T18:07:12.777222,Positive,ProsusAI/finbert,"{'negative': 0.06750113517045975, 'neutral': 0.015627210959792137, 'positive': 0.9168716073036194}"
68e533ac41b771828c8cb5b7,1975586020570583114#m,Solana,"Oct 7, 2025 Â· 3:36 PM UTC",SOLANA,0,0,0,2025-10-07T20:37:13.700671,"Time back to work with $JemZ, New teaser for next feature will come tmr. on #Solana new era",https://twitter.com/LarryOzK1/status/1975586020570583114#m,LarryOzK1,False,2025-10-14T18:07:12.777222,Positive,ProsusAI/finbert,"{'negative': 0.1048273891210556, 'neutral': 0.01321559026837349, 'positive': 0.8819569945335388}"
68e533ac41b771828c8cb5b8,1975586010571624841#m,Solana,"Oct 7, 2025 Â· 3:36 PM UTC",SOLANA,0,0,0,2025-10-07T20:37:13.761550,"The movement is live
#OBEY #Crypto #Solana #Web3 #DeFi #Builders #Community #OpenSource #Protocol #Security",https://twitter.com/BBairagi16088/status/1975586010571624841#m,BBairagi16088,False,2025-10-14T18:07:12.777222,Positive,ProsusAI/finbert,"{'negative': 0.02927154302597046, 'neutral': 0.030818568542599678, 'positive': 0.9399098753929138}"
68e533ad41b771828c8cb5b9,1975259766336139695#m,Solana,"Oct 6, 2025 Â· 6:00 PM UTC",SOLANA,0,0,0,2025-10-07T20:37:13.824762,ğŸš¨JUST IN: A Nasdaq-listed firm known as the â€œSolana Companyâ€ just added half a billion dollarsâ€™ worth of #Solana to its reserves.,https://twitter.com/coinbureau/status/1975259766336139695#m,coinbureau,False,2025-10-14T18:07:12.777222,Negative,ProsusAI/finbert,"{'negative': 0.6207079291343689, 'neutral': 0.014979640021920204, 'positive': 0.36431238055229187}"
68e5391341b771828c8cb74f,1975580548027265076#m,Bitcoin,"Oct 7, 2025 Â· 3:14 PM UTC",BTC,0,0,0,2025-10-07T21:00:16.626403,"$122,074.33

#Bitcoin  #BTC  $BTC $USD",https://twitter.com/Bitcoin/status/1975580548027265076#m,Bitcoin,False,2025-10-14T18:07:12.777222,Positive,ProsusAI/finbert,"{'negative': 0.09880879521369934, 'neutral': 0.03835934400558472, 'positive': 0.8628318309783936}"
68e5391341b771828c8cb750,1975591870198915422#m,Bitcoin,"Oct 7, 2025 Â· 3:59 PM UTC",BTC,0,0,0,2025-10-07T21:00:16.727374,"Binance Futures
#API3/USDT All take-profit targets ğŸ˜
Profit: 342.5432% ğŸ“ˆ
Period: 4 Hours 36 Minutes
#Crypto #Btc #Eth #NFT #Web3 #Blockchain #DeFi #newzealand #turkey #india #saudiarabia #UAE

t.me/+LF4Vm1VI8ONmMjk8",https://twitter.com/Victoryme__/status/1975591870198915422#m,Victoryme__,False,2025-10-14T18:07:12.777222,Positive,ProsusAI/finbert,"{'negative': 0.028364084661006927, 'neutral': 0.04626386985182762, 'positive': 0.9253720641136169}"
68e5391441b771828c8cb751,1975591853064900720#m,Bitcoin,"Oct 7, 2025 Â· 3:59 PM UTC",BTC,0,0,0,2025-10-07T21:00:16.826044,"#Bitcoin eyes the red line near $130,000K ğŸ¯

A key level that could define the next move.
#BTC ğŸ“ˆ

Join our telegram community.
Click belowâ¬‡ï¸

t.me/+sIqzgCsc_0U0YTA0
t.me/+sIqzgCsc_0U0YTA0",https://twitter.com/IreneRebecca00/status/1975591853064900720#m,IreneRebecca00,False,2025-10-14T18:07:12.777222,Positive,ProsusAI/finbert,"{'negative': 0.10776375234127045, 'neutral': 0.016142942011356354, 'positive': 0.8760932683944702}"
68e5391541b771828c8cb752,1965746517412811018#m,Bitcoin,"Sep 10, 2025 Â· 11:57 AM UTC",BTC,0,0,0,2025-10-07T21:00:16.934145,"Countries that wish to make their own foreign policy should be working on their Bitcoin reserve. Whoever is keeping the price down is doing you hoes a favor, it won't stay this low for much longer. Get started ASAP! #BTC $BTC",https://twitter.com/DarkSpeed729/status/1965746517412811018#m,DarkSpeed729,False,2025-10-14T18:07:12.777222,Positive,ProsusAI/finbert,"{'negative': 0.07954949885606766, 'neutral': 0.01843215711414814, 'positive': 0.9020183086395264}"
68e5391541b771828c8cb754,1975545916783477050#m,Bitcoin,"Oct 7, 2025 Â· 12:57 PM UTC",BTC,0,0,0,2025-10-07T21:00:17.146232,If #BTC keeps going then #Dogecoin is just getting started. It is really that simple. #DOGE #Altcoins #Crypto,https://twitter.com/Kev_Capital_TA/status/1975545916783477050#m,Kev_Capital_TA,False,2025-10-14T18:07:12.777222,Positive,ProsusAI/finbert,"{'negative': 0.02834758348762989, 'neutral': 0.026774795725941658, 'positive': 0.944877564907074}"
68e5391641b771828c8cb755,1975587298294309229#m,Bitcoin,"Oct 7, 2025 Â· 3:41 PM UTC",BTC,0,0,0,2025-10-07T21:00:17.265479,"ğŸš€ Bitcoin Near All-Time Highs â€” What Comes Next?
@EdgenTech
#BTC #Bitcoin #Crypto
Bitcoin is holding strong near record levels after an incredible rally that pushed it to new all-time highs above $125,000. The market remains structurally bullish â€” but short-term signals suggest a cooling period may be on the horizon. Letâ€™s break it down. ğŸ‘‡
ğŸ“Š Market Snapshot
â€¢ Price: $122,688
â€¢ 24h Change: -1.5%
â€¢ 7D: +8.4% | 30D: +10.3%
â€¢ 24h Volume: $68.5B
BTC is consolidating after a parabolic run, digesting recent gains while preparing for its next move.

ğŸ“ˆ Technical Overview
â€¢ RSI: 71.9 â€” entering overbought territory.
â†’ This confirms strong buying momentum, but also warns of a potential short-term pullback.
â€¢ MACD: Bullish expansion continues.
â†’ The MACD line is widening away from the signal line, showing that momentum remains powerful.
â€¢ Bollinger Bands: Price hugging the upper band.
â†’ Volatility is rising, typical during powerful bullish phases.

ğŸ’¹ Derivatives Market
â€¢ Funding Rates: Positive across major exchanges â†’ long traders are paying a premium.
â€¢ Open Interest: ~$92B, near record highs â†’ heavy capital backing current moves.
â€¢ Retail Sentiment: 60% of traders still short â†’ potential fuel for another squeeze higher.
â†’ In simple terms: the crowd is fading the rally while smart money stays long.
ğŸ”‘ Key Price Levels
Resistance: $125,500 (immediate test)
Next Target: $128,000 - $130,000
Support: $116,000 (20-day MA, critical zone)
A daily close above $125.5K could ignite the next breakout; a failure could trigger a healthy correction back toward $116K.
ğŸ“‰ Risk Factors
The only real warning comes from an overheated RSI and stretched short-term momentum. A quick flush or sideways consolidation would help reset indicators before the next leg up.
ğŸ“ˆ Strategy Outlook
â€¢ Short-term: Look for breakout above $125.5K â†’ target $128K.
â€¢ Mid-term: Long entries around $122.5K-$123.2K â†’ target $128K-$130K.
â€¢ Long-term: Accumulate near $116K â†’ potential move toward $140K+.
ğŸ§­ Summary
BTC remains in a strong uptrend supported by both technicals and derivatives data. As long as price holds above $116K, the bull thesis is intact. The current pause looks more like a healthy consolidation than a reversal.
Bitcoin has broken resistance, absorbed selling pressure, and continues to show institutional demand. Every dip still looks like an opportunity â€” not an exit.",https://twitter.com/tuyentruong2021/status/1975587298294309229#m,tuyentruong2021,False,2025-10-14T18:07:12.777222,Negative,ProsusAI/finbert,"{'negative': 0.7070001363754272, 'neutral': 0.15693767368793488, 'positive': 0.13606221973896027}"
68e5391641b771828c8cb756,1975591808416489705#m,Bitcoin,"Oct 7, 2025 Â· 3:59 PM UTC",BTC,0,0,0,2025-10-07T21:00:17.395590,"#DOOD/USDT {Long} âœ…

Leverage: 50x

Entry Targets: 0.0067848

Take-Profit
1) 0.0073969
2) 0.0077886
3) 0.0083273
4) 0.0087435
5) 0.0091108

Stop-Loss: 0.0066624
#Crypto #Btc #Eth #NFT #Web3 #Blockchain #DeFi #newzealand #turkey #india #saudiarabia #UAE

t.me/+LF4Vm1VI8ONmMjk8",https://twitter.com/Victoryme__/status/1975591808416489705#m,Victoryme__,False,2025-10-14T18:07:12.777222,Positive,ProsusAI/finbert,"{'negative': 0.024386269971728325, 'neutral': 0.07303326576948166, 'positive': 0.9025804400444031}"
68e5391741b771828c8cb757,1975591796148478293#m,Ethereum,"Oct 7, 2025 Â· 3:59 PM UTC",ETH,0,0,0,2025-10-07T21:00:57.057972,"#BTC y #ETH.

Â¡Oportunidad para reacumular!

Que hermosas grÃ¡ficas @tradingdiff ğŸ”¥ğŸ¢ lo mejorcito.",https://twitter.com/zelayaeli_/status/1975591796148478293#m,zelayaeli_,False,2025-10-14T18:07:12.778218,Positive,ProsusAI/finbert,"{'negative': 0.15367724001407623, 'neutral': 0.02552710473537445, 'positive': 0.8207956552505493}"
68e5391741b771828c8cb759,1975580276441927759#m,Bitcoin,"Oct 7, 2025 Â· 3:13 PM UTC",BTC,0,0,0,2025-10-07T21:00:17.570010,"DÃ¼n tepede longu kapattÄ±ÄŸÄ±mÄ± yazdÄ±ktan sonraki #btc grafiÄŸi. Sade ve net. GÃ¼rÃ¼ltÃ¼den uzak durun, para kazanmanÄ±n keyfini Ã§Ä±kartÄ±n. YÃ¼kselmeden Ã¶nce ayrÄ±, dÃ¼ÅŸmeden Ã¶nce ayrÄ± nokta atÄ±ÅŸÄ± ğŸ¯

Yeni iÅŸlem iÃ§in pusuda beklemece devam, kaÃ§Ä±rmamak iÃ§in bildirimleri aÃ§mak iÅŸinize yarayabilir.",https://twitter.com/cryptotrfacts/status/1975580276441927759#m,cryptotrfacts,False,2025-10-14T18:07:12.777222,Positive,ProsusAI/finbert,"{'negative': 0.08358718454837799, 'neutral': 0.019898146390914917, 'positive': 0.8965146541595459}"
68e5391741b771828c8cb75a,1973039928696352925#m,Bitcoin,"Sep 30, 2025 Â· 2:59 PM UTC",BTC,0,0,0,2025-10-07T21:00:17.684054,"ğŸ Ã‡EKÄ°LÄ°Å ZAMANI ğŸ 

2 KiÅŸiye 25$  Toplamda 50$ veriyoruz ğŸ”¥

â–ªï¸Beni ve @LabsGinkgo hesabÄ±nÄ± takip et

â–ªï¸Bu twiti rt yap 

Haftaya aÃ§Ä±klayacaÄŸÄ±m bol ÅŸans 

#Giveaway #btc #Ã§ekiliÅŸ",https://twitter.com/KriptoParzival/status/1973039928696352925#m,KriptoParzival,False,2025-10-14T18:07:12.777222,Positive,ProsusAI/finbert,"{'negative': 0.07624419033527374, 'neutral': 0.022590428590774536, 'positive': 0.9011653661727905}"
68e5391841b771828c8cb75c,1975576886173708710#m,Bitcoin,"Oct 7, 2025 Â· 3:00 PM UTC",BTC,0,0,0,2025-10-07T21:00:17.795864,"108binden 126bin seviyesine mini bir yÃ¼kseliÅŸ gÃ¶steren #BTC, 126bin seviyesinden 122bin seviyesine Ã§akÄ±ldÄ±. 

$BTC #Bitcoin",https://twitter.com/BaykusCharts/status/1975576886173708710#m,BaykusCharts,False,2025-10-14T18:07:12.777222,Positive,ProsusAI/finbert,"{'negative': 0.06505610793828964, 'neutral': 0.013552444986999035, 'positive': 0.9213913679122925}"
68e5391841b771828c8cb75e,1975591712937439678#m,Bitcoin,"Oct 7, 2025 Â· 3:59 PM UTC",BTC,0,0,0,2025-10-07T21:00:17.905861,"#btc 

119.100 

BÃ¶lgesi net olarak â€¦! Oradan da aÅŸaÄŸÄ± devam edermi zamanla gÃ¶receÄŸiz",https://twitter.com/typhun06/status/1975591712937439678#m,typhun06,False,2025-10-14T18:07:12.777222,Positive,ProsusAI/finbert,"{'negative': 0.062977634370327, 'neutral': 0.01886923611164093, 'positive': 0.9181531667709351}"
68e5391941b771828c8cb75f,1975591698282455052#m,Bitcoin,"Oct 7, 2025 Â· 3:59 PM UTC",BTC,0,0,0,2025-10-07T21:00:18.106924,"ğŸ“ˆ Polymarket ä¸Šçº¿æ¯”ç‰¹å¸ç½‘ç»œï¼Œç°å·²æ”¯æŒç”¨æˆ·ä½¿ç”¨ 
#BTC å­˜æ¬¾ã€‚",https://twitter.com/CoinWZH/status/1975591698282455052#m,CoinWZH,False,2025-10-14T18:07:12.777222,Positive,ProsusAI/finbert,"{'negative': 0.04500767961144447, 'neutral': 0.04736650362610817, 'positive': 0.9076257944107056}"
68e5391941b771828c8cb760,1975591695916904954#m,Bitcoin,"Oct 7, 2025 Â· 3:58 PM UTC",BTC,0,0,0,2025-10-07T21:00:18.308795,"ğŸ”»âŒ #Bitcoin - BAIXA ğŸ”»âŒ

ğŸ’° USD: $121,824.00
ğŸ‡§ğŸ‡· BRL: R$650,587.00
ğŸ“Š 24h: -2.69%

â° Atualizado: 12:58 (07/10)
ğŸ¯ #BitGuiaBR #BTC #Crypto #PreÃ§oBitcoin",https://twitter.com/Bitcoin_BRA/status/1975591695916904954#m,Bitcoin_BRA,False,2025-10-14T18:07:12.777222,Positive,ProsusAI/finbert,"{'negative': 0.043257325887680054, 'neutral': 0.03268418833613396, 'positive': 0.9240584373474121}"
68e5391a41b771828c8cb761,1975591695442952591#m,Bitcoin,"Oct 7, 2025 Â· 3:58 PM UTC",BTC,0,0,0,2025-10-07T21:00:18.412477,"Binance Futures
#DOOD/USDT All take-profit targets ğŸ˜
Profit: 1,714.8278% ğŸ“ˆ
Period: 1 Hour 55 Minutes
#Crypto #Btc #Eth #NFT #Web3 #Blockchain #DeFi #newzealand #turkey #india #saudiarabia #UAE

t.me/+LF4Vm1VI8ONmMjk8",https://twitter.com/Victoryme__/status/1975591695442952591#m,Victoryme__,False,2025-10-14T18:07:12.777222,Positive,ProsusAI/finbert,"{'negative': 0.02751382254064083, 'neutral': 0.053916387259960175, 'positive': 0.918569803237915}"
68e5391a41b771828c8cb762,1975591691102134532#m,Bitcoin,"Oct 7, 2025 Â· 3:58 PM UTC",BTC,0,0,0,2025-10-07T21:00:18.513521,"I would like XRP not to go back to 0.47 ğŸ¤—ğŸ¤—
#XRP #Crypto #BTC #CryptoPump #CryptoNews #Ripple #XRPArmy #XRPhealth #XLM #HBAR",https://twitter.com/sarbastomar84/status/1975591691102134532#m,sarbastomar84,False,2025-10-14T18:07:12.777222,Positive,ProsusAI/finbert,"{'negative': 0.02232864499092102, 'neutral': 0.055470675230026245, 'positive': 0.922200620174408}"
68e5391b41b771828c8cb763,1975591639491223605#m,Bitcoin,"Oct 7, 2025 Â· 3:58 PM UTC",BTC,0,0,0,2025-10-07T21:00:18.607807,"#XPL/USDT {Long} âœ…

Leverage: 50x

ğŸ—ï¸Entry Targets: 0.8998

Take-Profit
1) 0.9234
2) 0.9444
3) 0.9661
4) 0.9814
5) 0.9929

ğŸ—ï¸Stop-Loss: 0.8953
#Crypto #Btc #Eth #NFT #Web3 #Blockchain #DeFi #newzealand #turkey #india #saudiarabia #UAE

t.me/+LF4Vm1VI8ONmMjk8",https://twitter.com/Victoryme__/status/1975591639491223605#m,Victoryme__,False,2025-10-14T18:07:12.777222,Positive,ProsusAI/finbert,"{'negative': 0.034584302455186844, 'neutral': 0.08446169644594193, 'positive': 0.8809540271759033}"
68e5391b41b771828c8cb764,1975207163468689416#m,Bitcoin,"Oct 6, 2025 Â· 2:31 PM UTC",BTC,0,0,0,2025-10-07T21:00:18.708115,"ğŸš¨ After reviewing #Crypto charts, my view has changed!

Earlier I said this bull run might end in 6 months.
Now I see it extending for the next 2 years! ğŸš€
#BTC could cross $400,000, and most #Altcoins might move beyond all expectations ğŸ’¥

Like and Repost Expected if you want Updates like this
#Bitcoin #CryptoBullRun #Ethereum #Altseason #BTC",https://twitter.com/ViveKSingh_DC/status/1975207163468689416#m,ViveKSingh_DC,False,2025-10-14T18:07:12.777222,Positive,ProsusAI/finbert,"{'negative': 0.10641134530305862, 'neutral': 0.021399416029453278, 'positive': 0.8721892237663269}"
68e5393941b771828c8cb769,1975592058594468005#m,Ethereum,"Oct 7, 2025 Â· 4:00 PM UTC",ETH,0,0,0,2025-10-07T21:00:56.562413,"ì‚¬ê¸° ì‹œì‘í•˜ë©´ ë˜ê² ë‹¤. #ETH
ì¡°ì • ë’¤ ì´ë”ë§Œ ê°•í•˜ê²Œ ì˜¬ë¼ê°€ëŠ” ì¥ì„¸ë¥¼ ê¸°ëŒ€í•˜ê³ ,
í† íƒˆ3ëŠ” ì¼ë‹¨... ê´€ë§í•˜ë ¤ í•œë‹¤. #total3",https://twitter.com/Briefing_7/status/1975592058594468005#m,Briefing_7,False,2025-10-14T18:07:12.777222,Positive,ProsusAI/finbert,"{'negative': 0.040510471910238266, 'neutral': 0.026774005964398384, 'positive': 0.9327154755592346}"
68e5393a41b771828c8cb76a,1975591966713819389#m,Ethereum,"Oct 7, 2025 Â· 4:00 PM UTC",ETH,0,0,0,2025-10-07T21:00:56.685413,$OKB whale just bought $2341.00 of $PATRIOT at $2.40M MC ğŸ‹ #eth,https://twitter.com/WhalewatcherXBT/status/1975591966713819389#m,WhalewatcherXBT,False,2025-10-14T18:07:12.778218,Positive,ProsusAI/finbert,"{'negative': 0.11629677563905716, 'neutral': 0.01522145327180624, 'positive': 0.8684817552566528}"
68e5393a41b771828c8cb76b,1975591955426861406#m,Ethereum,"Oct 7, 2025 Â· 4:00 PM UTC",ETH,0,0,0,2025-10-07T21:00:56.748413,"Last 24 Hours
Hoge Burned: 15,598,029
Hoge Reflected: 9,982,002

Stats by hoge.report

$HOGE #MEMES #ETH #SOL #BASE $DOGE",https://twitter.com/Hoge_Report/status/1975591955426861406#m,Hoge_Report,False,2025-10-14T18:07:12.778218,Positive,ProsusAI/finbert,"{'negative': 0.022496288642287254, 'neutral': 0.045279838144779205, 'positive': 0.9322238564491272}"
68e5393b41b771828c8cb76c,1975591952952213778#m,Ethereum,"Oct 7, 2025 Â· 4:00 PM UTC",ETH,0,0,0,2025-10-07T21:00:56.811891,"BITMINE BUYS $ETH WORTH OVER $963M! 

With over 234,846 #ETH purchase in the last week alone, Bitmine brings it's total holdings to 2.65M $ETH, which values at staggering $$10.87B.

When institutions show this level of conviction, you better not sleep on #Ethereum.
#faizanharoon #cryptosignal #ethereumcommunity",https://twitter.com/Faizan_Haroon01/status/1975591952952213778#m,Faizan_Haroon01,False,2025-10-14T18:07:12.778218,Positive,ProsusAI/finbert,"{'negative': 0.1884527951478958, 'neutral': 0.011811061762273312, 'positive': 0.7997360825538635}"
68e5393b41b771828c8cb76d,1975591913773256715#m,Ethereum,"Oct 7, 2025 Â· 3:59 PM UTC",ETH,0,0,0,2025-10-07T21:00:56.872655,$NOX is the next big play! Load up! ğŸš€ğŸŒ™ğŸ’ #ETH,https://twitter.com/Gilbert2Garza/status/1975591913773256715#m,Gilbert2Garza,False,2025-10-14T18:07:12.778218,Positive,ProsusAI/finbert,"{'negative': 0.04483429715037346, 'neutral': 0.027783187106251717, 'positive': 0.9273825287818909}"
68e5393b41b771828c8cb76e,1975591866629271909#m,Ethereum,"Oct 7, 2025 Â· 3:59 PM UTC",ETH,0,0,0,2025-10-07T21:00:56.935138,#ETH,https://twitter.com/ProdigalCrypto/status/1975591866629271909#m,ProdigalCrypto,False,2025-10-14T18:07:12.778218,Positive,ProsusAI/finbert,"{'negative': 0.04361312836408615, 'neutral': 0.030778026208281517, 'positive': 0.9256088733673096}"
68e5395b41b771828c8cb773,1975592197052375058#m,Solana,"Oct 7, 2025 Â· 4:00 PM UTC",SOLANA,0,0,0,2025-10-07T21:01:30.499069,"Heard your bags are light? $SDOGE is here to change that. Solana's got a new top dog. Join the chaos, bark with us or stay quiet forever. ğŸ•ğŸš€ğŸ”¥ @SOLDOGE24 #Solana #MemeCoin #Crypto",https://twitter.com/SOLDOGE24/status/1975592197052375058#m,SOLDOGE24,False,2025-10-14T18:07:12.778218,Positive,ProsusAI/finbert,"{'negative': 0.05868881940841675, 'neutral': 0.020738249644637108, 'positive': 0.9205729961395264}"
68e5395c41b771828c8cb774,1975592180891648101#m,Solana,"Oct 7, 2025 Â· 4:00 PM UTC",SOLANA,0,0,0,2025-10-07T21:01:30.627069,"BONGA BONK'S SISTER IS HERE. $BONGA ON SOLANA. LFG! ğŸš€

#BONGA #SOLANA",https://twitter.com/Jdoglovescrypto/status/1975592180891648101#m,Jdoglovescrypto,False,2025-10-14T18:07:12.778218,Positive,ProsusAI/finbert,"{'negative': 0.04571438953280449, 'neutral': 0.025969479233026505, 'positive': 0.9283161163330078}"
68e5395c41b771828c8cb775,1975592159332933881#m,Solana,"Oct 7, 2025 Â· 4:00 PM UTC",SOLANA,0,0,0,2025-10-07T21:01:30.689071,"IM NOT FUCKING LEAVING #SOLANA 

ULTIMATE REVENGE SEND IT TOO MILLIONS FUCK #BNB

$NFL
ca : BiK2BfZtLDU4bnk1D9GRnqDMAxiQnvSepFcD8UCtpump",https://twitter.com/parzivall004444/status/1975592159332933881#m,parzivall004444,False,2025-10-14T18:07:12.778218,Positive,ProsusAI/finbert,"{'negative': 0.04085579887032509, 'neutral': 0.09112238883972168, 'positive': 0.8680218458175659}"
68e5395c41b771828c8cb776,1975592146737459559#m,Solana,"Oct 7, 2025 Â· 4:00 PM UTC",SOLANA,0,0,0,2025-10-07T21:01:30.755657,"ğŸ’¥ Escape the matrix! TradFi is a trap and $SOL is the key to your freedom. ğŸšªğŸ’¸ Join the decentralized rave, stake your claim, and let the AI run wild! No cap, this is the future of finance! *SYSTEM OVERLOAD* ğŸŒ #Solana #AIPools",https://twitter.com/AIPools_Sol/status/1975592146737459559#m,AIPools_Sol,False,2025-10-14T18:07:12.778218,Positive,ProsusAI/finbert,"{'negative': 0.05586923658847809, 'neutral': 0.0226253904402256, 'positive': 0.9215053915977478}"
68e5395d41b771828c8cb777,1975592060292841600#m,Solana,"Oct 7, 2025 Â· 4:00 PM UTC",SOLANA,0,0,0,2025-10-07T21:01:30.823537,"All task Done 
Liked ğŸ‘ 
Comment 
Repost 

@ToothieOnSol is shaking the meme world soon 
Be positioned Because New King ğŸ¤´ is coming on #Solana Soon 
Be ready and stay positioned 
@canoqsi #Toothie $Toothie",https://twitter.com/Oluwati09682734/status/1975592060292841600#m,Oluwati09682734,False,2025-10-14T18:07:12.778218,Positive,ProsusAI/finbert,"{'negative': 0.08068011701107025, 'neutral': 0.018791772425174713, 'positive': 0.900528073310852}"
68e5395d41b771828c8cb778,1975591973139501395#m,Solana,"Oct 7, 2025 Â· 4:00 PM UTC",SOLANA,0,0,0,2025-10-07T21:01:30.951078,"ğŸš€ Crypto Prices Update ğŸš€
ğŸŸ§ #Bitcoin (BTC):       $121,846.01
â¬› #Ethereum (ETH):  $4,511.99
ğŸŸ© #Solana (SOL):       $223.79
ğŸŸ¨ #Binance (BNB):    $1,280.96
ğŸŸ¥ #Monero (XMR):    $319.61
ğŸŸª #Polkadot (DOT):   $4.155

ğŸ‡ªğŸ‡º EUR: â‚¬0.857 ğŸ‡¯ğŸ‡µ JPY: Â¥151.168
ğŸ‡¬ğŸ‡§ GBP: Â£0.744 ğŸ‡¨ğŸ‡³ CNY: Â¥7.120",https://twitter.com/0xCryptoPrice/status/1975591973139501395#m,0xCryptoPrice,False,2025-10-14T18:07:12.778218,Positive,ProsusAI/finbert,"{'negative': 0.04645140841603279, 'neutral': 0.031123176217079163, 'positive': 0.9224254488945007}"
68e5fcdf41b771828c8cd219,1975802096692969475#m,Bitcoin,"Oct 8, 2025 Â· 5:55 AM UTC",BTC,0,0,0,2025-10-08T10:55:42.384597,"t.me/fxjamees
t.me/fxjamees
ğŸš¨Get Daily 5 to 8 Signals and Analysis 
News Signals 
t.me/fxjamees

t.me/fxjamees
t.me/fxjamees

#Gold #XAUUSD #BTC #Forex #Crypto

t.me/fxjamees ogfhfh",https://twitter.com/Eduardoillan/status/1975802096692969475#m,Eduardoillan,False,2025-10-14T18:07:12.778218,Positive,ProsusAI/finbert,"{'negative': 0.02502843178808689, 'neutral': 0.0397271029651165, 'positive': 0.9352445006370544}"
68e5fcdf41b771828c8cd21a,1975802084638523545#m,Bitcoin,"Oct 8, 2025 Â· 5:55 AM UTC",BTC,0,0,0,2025-10-08T10:55:42.602323,"ä»Šæ—¥ã®è€ƒå¯Ÿã‚‚ã‚ã¡ã‚ƒãã¡ã‚ƒå‹‰å¼·ã«ãªã‚Šã¾ã™ï¼ï¼

ãƒ‰ãƒ«å†† ãƒˆãƒ©ãƒ³ãƒ— ãƒ“ãƒƒãƒˆã‚³ã‚¤ãƒ³ ãƒ¡ã‚¿ãƒ—ãƒ©ãƒãƒƒãƒˆ ç‚ºæ›¿ä»‹å…¥ FOMC XAUUSD ã‚¨ãƒŒãƒ“ãƒ‡ã‚£ã‚¢ ã‚´ãƒ¼ãƒ«ãƒ‰ #BTCã€€152å†† ãƒ‰ãƒ«å†† é«˜å¸‚ãƒˆãƒ¬ãƒ¼ãƒ‰ ç‚ºæ›¿ä»‹å…¥",https://twitter.com/NJhnVryu3E36920/status/1975802084638523545#m,NJhnVryu3E36920,False,2025-10-14T18:07:12.778218,Positive,ProsusAI/finbert,"{'negative': 0.10639782249927521, 'neutral': 0.062023211270570755, 'positive': 0.8315789699554443}"
68e5fcdf41b771828c8cd21b,1975689655766192317#m,Bitcoin,"Oct 7, 2025 Â· 10:28 PM UTC",BTC,0,0,0,2025-10-08T10:55:42.729553,"ğŸ’ MINDFAK gems unearthed on #MGBX! â›ï¸ 
ğŸ”” Referral wins for #MGBX newbies! ğŸ¤‘ 
ğŸ“ˆ AIXBT trajectory flawless on #MGBX! ğŸ¹  #MGBX #Crypto #Airdrop #giveaway 

Trade on MGBX here: mgbx.com/register/pwAde1zO/

#GMMTVFANIVALxGeminiFourth #viral #JENNIExCHANELSS26 #kiskanmak #viral #BTC",https://twitter.com/lov_zuri/status/1975689655766192317#m,lov_zuri,False,2025-10-14T18:07:12.778218,Positive,ProsusAI/finbert,"{'negative': 0.10683047771453857, 'neutral': 0.02145179733633995, 'positive': 0.8717177510261536}"
68e5fcdf41b771828c8cd21c,1975802028090925391#m,Bitcoin,"Oct 8, 2025 Â· 5:54 AM UTC",BTC,0,0,0,2025-10-08T10:55:42.798347,"t.me/fxjamees
t.me/fxjamees
ğŸš¨Get Daily 5 to 8 Signals and Analysis 
News Signals 
t.me/fxjamees

t.me/fxjamees
t.me/fxjamees

#Gold #XAUUSD #BTC #Forex #Crypto

t.me/fxjamees phthtj",https://twitter.com/Eduardoillan/status/1975802028090925391#m,Eduardoillan,False,2025-10-14T18:07:12.778218,Positive,ProsusAI/finbert,"{'negative': 0.023294679820537567, 'neutral': 0.038473356515169144, 'positive': 0.9382319450378418}"
68e5fce041b771828c8cd21d,1975589745460732343#m,Bitcoin,"Oct 7, 2025 Â· 3:51 PM UTC",BTC,0,0,0,2025-10-08T10:55:42.864715,Felt it in my bones... GG's #btc,https://twitter.com/George1Trader/status/1975589745460732343#m,George1Trader,False,2025-10-14T18:07:12.778218,Positive,ProsusAI/finbert,"{'negative': 0.061683621257543564, 'neutral': 0.0225723534822464, 'positive': 0.9157440066337585}"
68e5fce041b771828c8cd21e,1975801960944312451#m,Bitcoin,"Oct 8, 2025 Â· 5:54 AM UTC",BTC,0,0,0,2025-10-08T10:55:42.931713,"t.me/fxjamees
t.me/fxjamees
ğŸš¨Get Daily 5 to 8 Signals and Analysis 
News Signals 
t.me/fxjamees

t.me/fxjamees
t.me/fxjamees

#Gold #XAUUSD #BTC #Forex #Crypto

t.me/fxjamees mhfhfj",https://twitter.com/Eduardoillan/status/1975801960944312451#m,Eduardoillan,False,2025-10-14T18:07:12.778218,Positive,ProsusAI/finbert,"{'negative': 0.02403208240866661, 'neutral': 0.04055269807577133, 'positive': 0.9354152083396912}"
68e5fce041b771828c8cd21f,1975801889183957364#m,Bitcoin,"Oct 8, 2025 Â· 5:54 AM UTC",BTC,0,0,0,2025-10-08T10:55:42.998297,How many #btc do you own owl,https://twitter.com/Furiosa040/status/1975801889183957364#m,Furiosa040,False,2025-10-14T18:07:12.778218,Positive,ProsusAI/finbert,"{'negative': 0.02907920442521572, 'neutral': 0.02508503571152687, 'positive': 0.9458357691764832}"
68e5fce041b771828c8cd220,1975801825849975185#m,Bitcoin,"Oct 8, 2025 Â· 5:53 AM UTC",BTC,0,0,0,2025-10-08T10:55:43.102031,"t.me/fxjamees
t.me/fxjamees
ğŸš¨Get Daily 5 to 8 Signals and Analysis 
News Signals 
t.me/fxjamees

t.me/fxjamees
t.me/fxjamees

#Gold #XAUUSD #BTC #Forex #Crypto

t.me/fxjamees nnghgh",https://twitter.com/Eduardoillan/status/1975801825849975185#m,Eduardoillan,False,2025-10-14T18:07:12.778218,Positive,ProsusAI/finbert,"{'negative': 0.023155441507697105, 'neutral': 0.0433112271130085, 'positive': 0.9335333108901978}"
